area,bedrooms,bathrooms,stories,parking,has_pool,has_garage,has_ac,price,predicted_price,difference
1360,2,4,3,3,0,0,1,6.91,6.85,0.06
4272,3,4,2,1,1,0,1,10.222,10.16,0.06
3592,1,4,3,2,0,0,1,8.392,8.33,0.06
966,1,4,2,2,0,0,1,5.366,5.43,0.06
4926,2,4,3,0,1,1,1,11.126,10.8,0.33
3944,5,1,1,3,0,0,1,9.294,9.4,0.11
3671,1,3,1,2,0,1,0,7.571,7.66,0.09
3419,1,2,2,2,1,1,0,8.219,8.13,0.09
630,3,4,2,2,1,0,1,6.83,6.77,0.06
2185,4,2,2,2,0,0,1,7.485,7.58,0.09
1269,2,1,3,1,1,0,1,6.219,6.21,0.01
2891,2,4,2,3,0,1,0,8.241,8.14,0.1
2933,5,3,1,0,0,0,0,7.733,7.94,0.21
1684,5,2,3,0,1,0,1,8.184,8.25,0.07
3885,2,4,2,1,1,0,0,8.935,8.92,0.02
4617,5,1,3,3,1,0,1,11.567,11.56,0.01
3404,3,3,3,2,1,0,1,9.704,9.66,0.04
974,2,2,2,1,0,1,1,5.624,5.56,0.06
1582,5,2,3,3,0,0,1,8.032,7.9,0.13
3058,2,4,1,2,1,0,0,7.958,8.12,0.16
2547,4,3,1,1,1,0,0,7.897,7.9,0.0
3247,1,3,3,3,0,1,1,8.597,8.36,0.24
1475,2,3,2,0,0,0,0,5.175,5.32,0.15
2306,1,3,3,0,0,1,0,6.506,6.58,0.07
689,5,1,1,3,0,1,1,6.639,6.72,0.08
3234,1,3,3,0,1,0,0,7.634,7.7,0.07
3505,2,2,3,3,0,0,1,8.455,8.38,0.07
2399,4,2,1,2,0,0,1,7.299,7.44,0.14
1767,5,1,3,3,1,1,1,9.317,9.07,0.25
2028,2,2,3,2,0,1,1,7.328,7.32,0.01
3702,5,2,2,1,0,1,0,9.452,9.38,0.07
4056,3,3,2,3,1,1,1,10.806,10.63,0.18
4390,1,2,1,1,1,1,0,8.54,8.65,0.11
1146,3,1,1,0,1,1,1,6.146,6.05,0.1
3388,2,3,1,2,0,0,1,7.588,7.73,0.14
2935,4,4,2,3,0,0,0,8.685,8.57,0.12
1100,5,3,1,1,1,1,1,7.95,7.74,0.21
2863,1,1,1,2,1,0,0,6.363,6.57,0.21
2561,5,3,1,2,0,0,0,7.861,7.98,0.12
741,2,3,2,0,1,1,1,6.241,6.05,0.19
2541,5,1,3,0,1,1,1,9.341,9.35,0.01
3324,1,3,1,2,1,0,1,7.824,7.79,0.03
3112,2,1,3,2,0,1,1,8.112,8.03,0.08
1863,5,1,1,3,0,1,1,7.813,7.77,0.04
1978,4,4,3,2,0,0,1,8.278,8.21,0.07
3056,2,2,2,3,0,1,0,7.806,7.88,0.07
1275,2,2,2,2,0,0,0,5.175,5.26,0.08
4514,4,3,1,0,0,0,1,9.214,9.45,0.24
534,3,3,3,3,1,0,0,6.684,6.59,0.09
3652,1,4,2,1,0,0,0,7.402,7.6,0.2
2455,3,4,1,0,0,0,1,6.955,6.96,0.0
2085,5,4,1,3,1,1,1,9.735,9.64,0.09
4443,4,1,2,3,0,1,0,9.893,9.86,0.03
3573,3,4,2,1,0,1,1,9.323,9.09,0.23
1521,2,4,1,3,1,1,0,7.271,7.12,0.15
3961,5,3,3,2,1,0,1,11.261,11.09,0.17
3113,5,4,3,1,1,0,0,10.063,10.0,0.06
4343,3,1,3,0,0,1,0,8.943,8.97,0.03
2000,3,1,1,0,1,0,0,6.0,6.21,0.21
661,4,3,2,2,0,1,0,6.461,6.63,0.17
4797,1,4,1,0,0,1,1,8.897,8.97,0.07
2481,3,4,2,3,0,1,1,8.731,8.57,0.16
1495,3,1,3,3,0,0,0,6.245,6.25,0.0
3842,2,4,3,2,1,0,0,9.542,9.46,0.08
4298,5,4,2,0,1,0,1,10.998,10.82,0.18
1775,1,4,2,0,0,0,1,5.675,5.87,0.2
1516,2,2,1,2,1,1,0,6.416,6.43,0.01
837,4,3,3,1,0,0,0,6.187,6.34,0.15
1378,4,2,1,0,0,0,0,5.378,5.64,0.26
1576,3,3,1,1,0,0,0,5.626,5.69,0.06
4493,3,1,1,0,1,1,0,9.093,9.11,0.02
879,4,4,3,0,0,1,1,7.279,7.21,0.07
992,3,3,1,0,0,0,0,4.792,5.0,0.21
2562,1,2,1,0,1,0,1,6.262,6.38,0.12
4384,3,4,1,3,1,0,1,10.434,10.5,0.07
564,5,1,1,1,1,0,1,6.214,6.45,0.24
3068,3,3,1,1,1,1,0,8.518,8.61,0.09
2527,2,3,1,0,0,0,1,6.227,6.42,0.19
3195,1,3,3,0,1,0,1,7.995,7.97,0.03
1995,2,4,1,1,0,0,1,6.245,6.32,0.08
891,2,2,2,3,1,1,1,6.841,6.56,0.28
4974,5,2,1,2,1,1,0,11.374,11.19,0.18
4061,1,3,1,2,1,0,0,8.161,8.24,0.08
2778,1,1,3,1,1,0,1,7.228,7.22,0.01
3599,1,1,3,0,1,0,1,7.799,7.78,0.02
700,1,2,2,0,1,0,0,4.4,4.71,0.31
3604,1,1,2,3,0,0,0,6.954,7.12,0.17
2954,5,2,3,2,1,1,0,10.154,10.03,0.12
4145,3,3,3,3,1,1,1,11.295,11.08,0.21
1304,2,2,1,2,1,1,0,6.204,6.2,0.0
3231,1,2,3,1,1,0,1,7.981,7.95,0.03
3273,3,3,2,2,0,1,1,8.973,8.9,0.07
2070,3,1,1,3,1,1,0,7.42,7.27,0.15
3190,2,2,2,3,1,1,1,9.14,9.01,0.13
4340,5,2,1,3,1,0,0,10.39,10.33,0.06
1528,4,3,3,1,1,0,1,8.078,7.93,0.15
1002,4,1,2,2,0,1,0,6.202,6.43,0.23
4993,3,2,1,2,1,0,1,10.193,10.23,0.04
1370,2,3,1,3,0,1,1,6.42,6.29,0.13
4988,4,2,3,2,1,1,0,11.688,11.54,0.15
706,3,4,3,0,0,1,0,6.206,6.1,0.11
1984,5,3,3,0,0,1,0,8.184,8.17,0.01
1363,4,1,2,0,1,0,0,6.263,6.42,0.16
3290,3,1,1,2,1,0,1,8.19,8.41,0.22
1063,3,1,3,1,0,0,0,5.313,5.4,0.09
4691,1,1,2,1,0,0,0,7.541,7.87,0.33
2257,5,2,2,1,1,1,1,9.207,9.09,0.12
2178,1,2,2,1,0,0,0,5.328,5.58,0.25
3742,2,1,3,0,0,1,0,7.842,7.77,0.07
1559,1,1,3,0,0,0,1,4.959,5.12,0.16
2222,1,1,1,3,1,0,0,5.972,6.13,0.16
3814,4,2,1,2,0,0,0,8.314,8.63,0.32
3657,3,1,3,2,0,1,0,8.757,8.79,0.03
3125,5,1,2,1,0,1,0,8.575,8.59,0.02
3229,1,4,2,0,1,1,0,8.129,8.12,0.01
2097,5,4,2,1,1,1,0,9.247,9.22,0.03
3560,1,1,1,3,0,0,1,6.91,7.02,0.11
3193,2,3,2,2,1,1,0,8.793,8.78,0.01
4127,1,1,1,2,0,1,1,7.827,7.96,0.13
1863,4,4,1,1,1,0,1,7.913,7.79,0.12
2481,3,3,2,3,1,0,1,8.631,8.51,0.12
2163,2,3,2,2,0,1,1,7.363,7.29,0.07
2029,1,1,3,3,1,0,0,6.579,6.66,0.08
2538,5,4,3,3,1,1,0,10.588,10.21,0.38
3802,2,4,2,1,1,0,0,8.852,8.89,0.04
2737,2,3,1,0,0,1,1,7.037,6.96,0.08
1806,1,1,1,1,1,1,0,5.656,5.88,0.22
4529,2,2,1,0,1,1,0,8.929,8.86,0.07
3175,5,2,1,3,0,1,0,9.025,9.16,0.13
1782,2,4,1,0,1,1,1,7.182,7.09,0.09
1209,5,2,3,3,1,0,1,8.459,8.14,0.32
4913,1,4,2,2,1,1,0,10.313,10.29,0.02
4248,3,4,3,2,1,1,1,11.448,11.29,0.16
1163,2,4,1,2,1,1,1,7.063,6.79,0.27
2498,3,2,1,1,0,1,0,6.848,6.91,0.06
3945,5,4,1,1,0,1,1,10.295,10.16,0.13
4243,2,3,1,3,1,0,1,9.493,9.39,0.1
1995,4,1,2,2,1,0,0,7.395,7.62,0.23
3804,3,1,1,1,1,1,1,9.054,9.11,0.06
4263,2,4,2,2,0,0,1,9.163,8.99,0.17
2353,3,1,1,1,0,1,1,6.803,6.77,0.03
1791,2,2,2,0,1,0,1,6.391,6.44,0.05
4081,1,2,3,0,1,0,1,8.581,8.51,0.07
3957,3,1,1,2,0,1,1,8.657,8.77,0.11
2136,4,2,2,3,1,0,1,8.486,8.35,0.14
4196,4,1,3,1,0,0,1,9.346,9.34,0.01
3499,5,1,1,1,0,1,0,8.549,8.67,0.12
3652,2,1,1,0,1,1,0,7.752,7.94,0.19
1198,3,4,1,0,0,0,0,5.298,5.32,0.02
2660,5,1,2,3,1,0,0,8.81,8.86,0.05
4597,3,4,2,3,1,0,1,11.047,10.95,0.1
1354,2,1,3,3,1,1,0,7.004,6.86,0.14
3974,4,1,2,2,1,0,0,9.374,9.46,0.09
2207,1,1,2,0,1,0,1,6.007,6.13,0.12
3277,4,2,1,2,1,0,1,8.977,9.09,0.11
2233,5,4,1,0,0,1,1,8.333,8.34,0.01
4010,1,4,1,0,0,1,1,8.11,8.04,0.07
702,5,1,1,1,0,1,1,6.152,6.33,0.18
3755,2,1,1,0,0,1,0,7.055,7.27,0.21
4718,1,2,1,0,1,0,1,8.418,8.64,0.22
4996,5,2,1,2,0,1,0,10.596,10.52,0.08
1266,2,2,3,0,0,0,0,5.066,5.16,0.09
4889,4,4,3,2,0,0,1,11.189,11.09,0.1
2827,2,4,3,3,1,0,0,8.777,8.65,0.13
3431,3,4,3,0,0,0,0,8.331,8.38,0.05
697,2,1,1,0,1,1,1,5.197,5.24,0.04
2430,2,4,3,2,0,1,0,7.93,7.84,0.09
4082,3,3,1,3,1,1,0,10.032,10.03,0.0
1108,5,3,3,1,1,1,0,8.358,8.14,0.22
3772,5,2,2,3,0,1,1,10.422,10.2,0.22
1647,2,4,3,2,1,0,1,7.747,7.61,0.14
4782,3,3,3,3,1,1,1,11.932,11.73,0.2
3897,3,2,1,2,0,1,0,8.497,8.61,0.11
3011,4,4,3,2,0,1,1,9.911,9.54,0.37
2294,5,1,2,1,0,1,0,7.744,7.71,0.03
1159,1,3,1,0,1,0,1,5.159,5.41,0.25
3311,5,1,1,2,1,0,0,8.811,8.96,0.15
1869,5,4,3,2,1,0,1,9.469,9.27,0.2
2486,4,3,1,1,0,0,1,7.436,7.45,0.01
646,1,4,1,2,1,0,0,5.046,5.39,0.34
3719,4,1,1,0,1,1,1,9.219,9.28,0.06
3411,1,3,1,1,1,0,0,7.261,7.46,0.2
2234,2,1,1,0,1,0,1,6.134,6.31,0.18
2343,1,4,1,0,1,0,1,6.643,6.68,0.04
988,4,4,2,1,1,1,0,7.638,7.52,0.12
3476,5,1,3,2,1,1,0,10.376,10.29,0.09
2459,1,3,2,0,0,0,0,5.659,6.0,0.34
2885,1,1,1,0,0,1,1,6.085,6.22,0.13
3419,3,4,1,0,0,1,0,8.119,8.19,0.07
2302,5,1,3,0,1,0,1,8.502,8.6,0.1
4561,2,4,2,1,1,1,0,10.211,10.09,0.12
3869,4,1,3,1,0,1,0,9.219,9.24,0.02
762,2,3,2,3,1,1,0,6.612,6.49,0.12
1123,5,3,1,3,0,0,0,6.673,6.9,0.23
1516,1,1,3,0,1,0,0,5.316,5.62,0.3
4143,1,1,3,2,1,0,0,8.443,8.49,0.05
2549,5,3,1,0,0,1,1,8.349,8.33,0.02
4223,1,4,3,2,0,0,0,8.623,8.58,0.04
3608,1,3,2,0,0,1,1,7.808,7.82,0.01
4590,1,4,2,3,0,1,0,9.44,9.22,0.22
2556,4,1,2,3,0,1,0,8.006,8.08,0.07
3670,4,1,2,2,1,0,0,9.07,9.23,0.16
2182,3,4,1,0,1,0,1,7.482,7.32,0.16
2755,2,1,3,2,1,0,1,7.955,7.97,0.01
1654,5,4,2,3,0,0,0,7.904,7.95,0.05
4999,5,2,1,0,0,1,1,10.499,10.44,0.06
3691,5,3,3,0,0,0,0,9.291,9.18,0.11
2196,3,2,3,2,0,1,0,7.596,7.59,0.01
4491,4,4,1,1,0,0,1,9.741,9.86,0.12
2148,3,3,1,2,0,0,1,6.848,6.91,0.06
1945,5,4,2,3,1,0,1,9.395,9.27,0.12
4699,2,3,3,3,1,1,1,11.349,10.97,0.38
4423,1,3,3,3,1,1,0,10.173,10.11,0.06
753,4,3,1,3,1,1,1,7.603,7.47,0.13
3683,4,3,3,3,1,1,1,11.333,11.12,0.21
3057,3,4,2,1,0,1,0,8.407,8.41,0.0
598,4,3,3,0,0,0,1,6.098,6.27,0.17
2700,5,3,1,2,0,1,1,9.0,8.79,0.21
3461,5,2,1,2,0,1,1,9.461,9.4,0.06
4933,3,1,2,3,0,1,1,10.283,10.29,0.01
4277,5,1,2,2,0,1,0,9.977,9.87,0.11
3369,2,2,3,3,1,0,0,8.719,8.74,0.02
3734,3,2,3,1,0,1,1,9.284,9.13,0.15
4291,2,4,1,1,0,0,1,8.541,8.65,0.11
1456,1,4,2,0,0,0,0,4.956,5.16,0.2
4567,2,4,2,1,0,0,1,9.217,9.14,0.08
660,1,2,2,1,1,1,1,5.61,5.6,0.01
4993,1,2,3,0,1,0,1,9.493,9.4,0.09
1800,2,3,2,2,0,1,1,7.0,6.95,0.05
4487,3,4,1,3,1,1,1,11.137,11.03,0.11
2027,5,4,1,3,1,1,1,9.677,9.61,0.07
1718,5,4,3,2,0,1,1,9.118,8.83,0.29
4996,1,1,3,0,0,1,1,8.996,8.97,0.03
3604,1,3,2,2,0,0,1,7.704,7.72,0.02
3235,3,4,3,1,0,0,0,8.385,8.41,0.03
1454,4,4,1,0,0,1,0,6.654,6.76,0.11
3946,2,4,2,0,1,0,0,8.746,8.76,0.01
1545,1,1,1,0,0,1,1,4.745,4.97,0.22
2193,5,1,2,3,0,0,1,7.943,7.86,0.08
3936,3,2,3,2,0,0,0,8.736,8.76,0.02
1062,2,3,2,0,1,0,1,5.962,5.99,0.03
2985,3,2,2,0,0,0,0,6.885,7.24,0.36
3854,2,3,1,0,0,0,1,7.554,7.61,0.06
725,2,1,1,2,0,1,0,4.525,4.58,0.05
1459,1,4,2,3,1,1,0,7.109,6.95,0.16
3567,3,2,3,1,0,0,0,8.117,8.31,0.19
1315,3,4,3,3,0,1,1,7.965,7.52,0.45
3620,5,2,1,0,0,0,0,8.12,8.37,0.25
516,5,1,3,3,1,1,1,8.066,7.78,0.29
1743,1,1,1,3,0,0,1,5.093,5.44,0.35
2705,1,1,3,1,0,0,1,6.355,6.63,0.27
3024,4,2,2,2,0,0,1,8.324,8.5,0.18
1569,5,3,1,2,1,1,1,8.669,8.48,0.19
3944,2,2,1,3,0,1,1,8.694,8.58,0.11
3065,3,3,2,3,0,0,1,8.415,8.5,0.09
1560,1,2,1,2,0,0,0,4.56,4.83,0.27
2827,3,2,3,2,1,1,0,9.027,8.8,0.23
3920,3,1,3,1,1,1,0,9.57,9.48,0.09
801,4,4,1,0,0,1,1,6.401,6.59,0.19
4776,5,4,3,3,1,1,1,13.226,12.81,0.42
1106,1,3,1,2,1,1,1,6.206,6.09,0.12
3670,3,4,2,3,1,0,1,10.12,10.08,0.04
1199,1,2,1,3,0,1,0,5.049,5.16,0.11
1639,2,2,2,2,0,0,1,5.939,6.11,0.17
690,4,1,3,1,1,0,0,6.24,6.4,0.16
2800,2,1,2,3,1,1,1,8.45,8.33,0.12
1480,1,4,3,1,1,1,0,7.03,6.97,0.06
3475,1,3,1,2,0,0,1,7.175,7.3,0.12
1684,5,4,3,0,0,1,0,8.184,8.16,0.02
3827,3,4,1,0,1,0,1,9.127,9.25,0.12
3894,3,4,1,3,1,1,0,10.144,10.09,0.05
627,2,4,2,2,1,1,1,6.927,6.74,0.19
2565,4,2,2,1,1,1,0,8.615,8.59,0.03
2316,3,3,2,3,0,0,0,7.266,7.35,0.08
1069,5,2,2,2,1,1,1,8.269,8.09,0.18
2395,2,3,3,2,0,0,0,6.995,7.11,0.12
3233,2,1,3,1,1,1,1,8.783,8.58,0.2
4363,5,4,3,3,1,0,1,12.213,11.94,0.27
4514,4,2,1,2,1,1,1,10.814,10.82,0.01
3401,5,3,3,2,1,0,0,10.301,10.26,0.04
2186,4,1,3,2,1,0,0,7.986,8.03,0.04
3509,5,1,3,1,0,0,1,9.159,9.05,0.11
654,5,4,2,3,1,0,1,8.104,8.03,0.07
3037,1,3,3,3,1,0,0,8.187,8.17,0.02
1909,2,2,1,3,1,0,0,6.459,6.53,0.07
4557,5,4,2,3,0,1,0,11.407,11.2,0.21
1284,5,2,1,0,0,0,1,6.184,6.37,0.19
3675,3,1,3,0,0,0,1,8.075,8.26,0.19
4841,2,2,2,3,0,0,1,9.391,9.3,0.09
3306,3,2,1,1,1,1,1,8.856,8.88,0.02
1037,2,4,3,0,1,1,1,7.237,6.91,0.33
2341,3,2,1,2,1,1,0,7.741,7.59,0.15
2955,5,4,1,0,0,0,1,8.455,8.41,0.04
1024,5,1,1,2,1,1,0,7.124,7.11,0.01
3450,1,4,3,3,1,1,0,9.5,9.15,0.35
4631,3,4,3,0,0,0,1,9.931,9.99,0.06
4615,4,3,1,1,0,0,0,9.165,9.32,0.16
2868,1,2,2,0,0,1,1,6.768,6.85,0.08
4347,3,1,2,0,1,0,0,8.747,8.83,0.08
4995,3,4,3,0,1,0,1,11.095,10.9,0.2
3201,1,1,3,3,0,0,1,7.351,7.43,0.08
1471,5,3,3,1,1,0,0,8.121,8.0,0.12
1666,3,2,3,0,0,1,1,6.966,6.97,0.0
3274,5,4,3,1,0,0,0,9.424,9.37,0.05
2482,1,2,2,3,1,1,1,7.932,7.78,0.15
1353,5,3,3,2,0,1,1,8.453,8.25,0.2
4646,2,3,1,0,0,1,1,8.946,8.94,0.01
4236,4,1,1,1,0,1,0,8.786,8.96,0.17
4269,3,4,2,1,1,0,0,9.819,9.86,0.04
1074,4,1,1,3,0,0,1,5.924,6.25,0.33
3761,5,3,2,0,0,0,0,8.961,9.02,0.06
1648,3,2,2,2,0,1,1,7.048,6.94,0.11
2215,5,1,1,1,0,1,0,7.265,7.42,0.16
4354,2,1,3,0,0,1,0,8.454,8.44,0.01
2991,1,2,1,2,0,0,1,6.391,6.43,0.04
3160,3,1,1,1,0,1,1,7.61,7.73,0.12
3624,2,2,2,1,1,0,1,8.474,8.61,0.14
3551,2,4,1,2,1,0,1,8.851,8.8,0.05
504,3,2,2,2,0,0,1,5.304,5.28,0.02
1376,5,4,3,3,1,0,0,8.826,8.67,0.16
1491,2,2,3,0,1,1,0,6.691,6.56,0.13
4642,4,3,3,0,0,0,1,10.142,10.12,0.02
4864,2,3,1,3,1,1,1,10.714,10.56,0.15
4965,5,4,2,1,0,0,1,11.115,11.03,0.09
1135,5,4,3,2,0,1,0,8.135,7.97,0.17
2193,4,3,2,2,0,1,1,8.393,8.28,0.11
2182,2,4,2,2,0,0,1,7.082,7.13,0.05
619,5,2,3,1,0,0,0,6.169,6.35,0.18
1330,3,2,3,2,1,0,0,6.93,6.83,0.1
4175,1,3,2,2,0,1,0,8.475,8.38,0.09
1869,1,1,3,3,1,0,0,6.419,6.54,0.12
1240,1,2,2,1,0,0,1,4.79,4.98,0.19
616,2,4,2,0,0,1,0,5.216,5.39,0.17
3338,4,1,3,3,0,0,0,8.588,8.73,0.14
1650,5,1,1,3,1,1,1,8.4,8.38,0.02
2431,3,2,3,0,0,0,1,7.131,7.14,0.01
1512,3,2,1,3,0,1,1,6.762,6.56,0.2
2164,2,1,2,1,0,1,0,6.114,6.35,0.24
1581,1,1,2,2,0,0,1,5.081,5.23,0.15
1012,2,3,1,1,1,1,0,5.962,5.97,0.01
3349,4,4,2,0,0,0,0,8.349,8.51,0.16
1059,4,3,1,0,1,0,0,6.159,6.32,0.16
4172,5,2,1,3,0,1,1,10.422,10.36,0.06
3843,5,3,2,1,1,0,0,10.093,10.04,0.05
4570,4,3,1,1,1,1,1,10.92,10.8,0.12
1970,4,3,3,0,0,1,1,8.07,8.04,0.03
1080,4,3,3,1,0,1,1,7.43,7.3,0.13
2794,2,4,2,0,1,1,0,8.194,8.09,0.1
3647,4,4,2,1,0,1,0,9.497,9.44,0.06
4749,3,1,1,1,0,1,0,8.799,9.04,0.24
2179,1,2,1,1,0,1,1,5.929,5.91,0.02
4006,4,3,1,0,1,1,0,9.706,9.76,0.05
3244,1,1,1,3,0,0,0,6.194,6.37,0.18
3856,2,1,3,1,0,0,0,7.606,7.72,0.11
4545,1,1,3,0,0,1,0,8.145,8.27,0.12
1743,2,4,2,0,1,0,0,6.543,6.65,0.11
3618,3,3,1,1,0,0,1,8.068,8.27,0.2
2641,2,3,1,1,1,0,1,7.391,7.3,0.09
3559,2,2,2,3,0,0,1,8.109,8.17,0.06
3459,5,3,1,0,1,0,1,9.459,9.42,0.04
2765,4,3,1,0,0,0,0,7.065,7.24,0.17
2979,4,1,1,2,0,1,1,8.179,8.15,0.03
2135,3,2,1,0,1,0,0,6.435,6.6,0.17
2257,3,3,1,3,1,0,1,8.007,7.82,0.19
4952,4,4,2,2,1,0,1,11.652,11.55,0.1
2570,5,3,1,2,0,0,1,8.27,8.27,0.0
3349,4,1,2,2,0,1,0,8.549,8.61,0.06
3751,5,4,1,1,0,1,0,9.701,9.69,0.01
4230,3,1,3,1,0,1,1,9.48,9.35,0.13
2989,1,3,3,0,1,1,0,7.989,7.92,0.07
2131,3,4,3,2,0,0,1,7.931,7.87,0.06
3316,3,2,3,3,0,1,1,9.366,9.21,0.16
1515,2,2,2,1,0,1,1,6.165,6.04,0.12
1848,2,4,2,3,0,1,0,7.198,7.26,0.06
3587,2,4,1,3,0,1,1,8.937,8.8,0.14
3339,2,1,3,1,0,0,1,7.489,7.64,0.15
835,5,4,2,1,0,1,1,7.585,7.58,0.0
1395,4,1,1,1,1,0,0,6.145,6.23,0.09
4046,1,3,1,1,0,1,1,8.096,8.02,0.08
1351,3,1,2,2,0,0,0,5.451,5.48,0.03
2187,5,4,3,2,0,0,1,8.987,8.81,0.18
2431,1,4,1,2,0,1,0,6.631,6.7,0.07
4246,5,3,3,2,1,1,1,12.146,11.84,0.31
2927,5,4,3,0,1,1,1,10.627,10.32,0.31
2068,3,4,3,2,1,1,0,8.868,8.57,0.3
4500,4,2,1,1,1,0,0,9.55,9.72,0.17
3238,2,2,3,3,1,0,1,8.988,8.91,0.08
3998,4,3,1,2,1,1,0,10.198,10.09,0.11
4413,3,1,3,0,0,1,1,9.413,9.41,0.0
1566,3,2,1,1,1,0,1,6.516,6.52,0.0
4880,3,1,3,3,1,1,1,11.43,11.19,0.24
2944,1,4,2,3,0,0,0,7.194,7.3,0.11
4607,4,2,3,2,1,1,1,11.707,11.6,0.11
3873,4,3,3,3,0,0,0,9.723,9.6,0.12
4469,5,3,1,2,0,0,1,10.169,10.15,0.02
3046,5,3,1,2,1,0,0,9.146,9.23,0.08
1253,5,2,3,1,0,0,0,6.803,6.86,0.06
2582,3,1,2,1,1,0,1,7.632,7.68,0.05
3274,4,4,2,0,1,1,0,9.674,9.64,0.03
3396,3,1,1,1,0,0,1,7.246,7.57,0.32
4685,1,1,2,1,0,1,1,8.535,8.64,0.11
1275,5,4,3,2,1,0,1,8.875,8.63,0.24
2125,3,4,1,1,0,0,1,6.875,6.85,0.03
3569,3,2,3,2,0,1,1,9.369,9.25,0.12
917,1,2,1,2,1,1,0,5.317,5.49,0.17
614,2,2,1,1,1,1,1,5.664,5.65,0.01
1116,4,2,1,0,0,1,0,5.716,5.95,0.23
4474,2,2,1,0,1,0,0,8.274,8.47,0.2
3767,5,4,2,3,1,1,1,11.817,11.38,0.44
1325,3,1,3,3,1,0,0,6.875,6.82,0.05
2016,1,2,3,1,1,1,1,7.366,7.16,0.21
3646,1,2,3,0,1,1,0,8.346,8.23,0.12
912,4,1,1,2,1,0,0,5.912,6.11,0.2
1228,2,2,2,3,1,0,0,6.178,6.23,0.05
3848,4,1,3,2,0,1,1,9.848,9.68,0.17
3308,3,1,2,3,1,0,0,8.458,8.63,0.17
1175,4,4,1,1,0,0,1,6.425,6.62,0.2
3965,1,3,3,0,0,0,0,7.565,7.67,0.1
3004,1,4,2,3,0,0,0,7.254,7.38,0.13
3467,5,3,1,0,1,0,0,9.067,9.2,0.13
3286,5,3,2,2,1,0,0,9.786,9.7,0.09
1622,3,3,3,1,0,0,1,6.872,6.8,0.07
4579,2,2,3,0,1,0,1,9.579,9.5,0.08
2071,4,4,1,1,0,1,0,7.521,7.61,0.09
2643,3,3,1,0,1,0,0,7.243,7.32,0.08
2187,5,1,1,2,1,1,1,8.687,8.86,0.17
4632,4,2,2,2,0,0,1,9.932,10.06,0.13
4351,5,4,2,1,0,0,1,10.501,10.37,0.13
3940,4,3,2,2,0,0,1,9.54,9.48,0.06
4266,2,1,1,3,1,0,0,8.516,8.66,0.14
2826,3,4,3,0,0,1,0,8.326,8.18,0.15
3414,4,4,3,2,1,1,1,11.114,10.82,0.29
4452,1,2,2,3,1,0,1,9.302,9.29,0.01
1095,1,4,2,1,1,1,1,6.645,6.49,0.15
1228,4,2,3,3,0,0,1,7.178,7.16,0.02
1865,4,3,3,1,0,0,1,7.615,7.6,0.02
4992,4,2,2,1,0,1,1,10.642,10.52,0.12
1198,1,1,2,0,1,1,0,5.198,5.36,0.16
895,1,2,3,0,1,0,0,4.995,5.11,0.12
4671,4,1,1,3,0,0,0,9.121,9.42,0.3
4860,5,2,2,0,1,1,1,11.56,11.37,0.19
3002,5,4,3,0,1,0,1,10.102,10.04,0.06
2319,2,3,3,0,0,1,1,7.419,7.35,0.07
1217,3,1,3,3,0,0,0,5.967,5.96,0.01
3282,5,2,3,2,0,0,1,9.482,9.43,0.05
4077,1,2,1,0,1,1,1,8.377,8.38,0.0
643,5,2,3,0,1,1,0,7.343,7.37,0.03
3640,2,4,2,3,1,1,1,10.19,9.8,0.39
4991,2,4,1,2,1,0,0,9.891,9.96,0.07
3438,3,1,3,0,1,0,0,8.238,8.39,0.15
4136,5,1,1,1,0,0,1,8.986,9.08,0.09
3722,1,4,2,3,1,0,0,8.772,8.66,0.11
1667,1,1,3,0,1,1,1,6.467,6.44,0.03
3116,4,3,2,0,1,0,0,8.616,8.81,0.19
1562,1,3,3,1,0,0,1,5.812,5.68,0.13
2656,3,4,3,1,0,0,0,7.806,7.85,0.04
3482,3,1,3,3,0,1,1,9.232,9.17,0.06
3794,1,2,3,3,1,0,0,8.644,8.52,0.12
1656,1,3,3,1,0,0,0,5.506,5.67,0.16
1232,4,4,1,3,0,1,0,7.182,7.17,0.01
4830,1,1,3,1,0,0,1,8.48,8.63,0.15
1453,4,4,3,0,1,0,1,8.053,7.9,0.15
3039,4,2,1,1,0,1,0,7.889,8.12,0.23
3824,1,3,1,1,1,0,1,8.074,8.09,0.02
3801,2,4,1,2,1,0,0,8.701,8.77,0.07
2042,2,4,1,1,0,0,1,6.292,6.35,0.06
1691,4,4,1,1,1,1,0,7.941,7.87,0.07
3493,1,2,1,2,0,0,1,6.893,7.02,0.13
3181,2,4,3,3,1,0,0,9.131,9.02,0.11
1717,1,2,3,2,0,1,0,6.117,6.19,0.07
2040,1,2,2,0,0,1,0,5.54,5.7,0.16
3736,1,2,3,2,0,0,0,7.536,7.65,0.11
2886,5,3,3,0,1,0,1,9.686,9.65,0.04
4219,1,3,1,3,0,0,0,7.769,8.01,0.24
1888,5,4,1,2,1,0,1,8.688,8.85,0.16
2356,4,4,3,2,0,1,1,9.256,9.0,0.26
1865,2,3,2,3,1,0,0,7.115,7.08,0.04
999,2,1,1,0,1,1,1,5.499,5.55,0.05
2180,2,3,3,2,0,1,1,7.78,7.65,0.13
1010,2,2,3,0,0,0,1,5.21,5.28,0.07
4812,2,3,2,2,0,0,0,9.012,8.98,0.03
1824,2,2,2,1,0,1,1,6.474,6.49,0.02
1655,2,4,1,2,0,1,1,6.755,6.79,0.04
2327,4,1,2,3,1,0,0,7.977,8.14,0.16
3641,1,4,3,3,0,1,0,8.891,8.73,0.16
3986,3,2,3,0,0,0,1,8.686,8.7,0.01
2310,5,2,2,2,1,0,0,8.51,8.59,0.08
3423,3,2,2,0,0,1,1,8.323,8.4,0.08
2714,3,1,2,0,0,1,1,7.314,7.29,0.02
4686,1,3,2,1,1,0,1,9.336,9.37,0.03
1213,1,4,1,1,0,1,0,5.163,5.23,0.07
4102,1,4,2,3,0,0,1,8.752,8.6,0.15
4634,2,3,1,0,0,0,0,7.934,8.15,0.22
4022,4,4,3,3,1,0,0,10.972,10.8,0.17
4768,2,1,2,2,0,1,1,9.368,9.24,0.13
1743,4,4,1,0,1,0,0,7.143,7.29,0.15
4209,4,2,2,0,0,0,0,8.609,8.74,0.13
1581,3,3,3,2,1,0,0,7.481,7.34,0.14
955,3,1,3,2,0,0,0,5.455,5.48,0.03
1394,4,3,3,3,1,0,0,8.044,7.82,0.22
1884,4,1,2,3,1,0,1,7.934,8.03,0.1
2458,2,2,2,2,1,0,0,7.158,7.3,0.14
3572,2,3,1,3,1,0,1,8.822,8.81,0.01
2496,3,4,3,2,1,0,1,9.096,8.88,0.22
4785,1,1,2,0,1,0,1,8.585,8.76,0.17
1004,4,3,3,0,0,0,1,6.504,6.56,0.06
1714,2,4,3,1,0,1,1,7.364,7.3,0.06
2031,3,3,1,0,1,0,1,7.031,6.91,0.12
3940,2,3,1,2,1,0,0,8.54,8.66,0.12
1323,4,3,1,3,1,0,0,7.173,7.14,0.03
1428,4,1,1,1,1,1,0,6.778,6.76,0.02
633,5,4,3,3,0,0,1,7.683,7.62,0.06
2605,1,2,1,2,1,1,0,7.005,6.92,0.08
4127,5,1,1,0,0,0,0,8.327,8.54,0.21
2352,3,1,1,1,0,0,0,5.802,6.09,0.29
4675,2,1,1,2,1,1,1,9.675,9.59,0.09
3433,3,2,3,1,1,0,0,8.783,8.93,0.15
3784,4,4,1,1,0,1,1,9.634,9.64,0.01
4798,5,4,3,0,0,1,0,11.298,11.09,0.21
3311,5,4,2,2,1,0,1,10.511,10.26,0.25
1750,5,3,3,3,1,0,1,9.3,9.14,0.16
4012,3,3,3,1,1,0,1,10.062,9.97,0.09
1756,4,3,1,1,0,0,0,6.306,6.53,0.22
3876,2,2,2,3,0,1,0,8.626,8.54,0.09
3986,2,3,2,2,1,1,1,9.986,9.74,0.25
4084,3,2,2,1,0,0,0,8.234,8.42,0.19
1896,5,4,2,1,0,1,1,8.646,8.52,0.13
4137,1,3,3,1,1,1,1,9.787,9.48,0.31
3830,3,3,2,2,1,0,0,9.33,9.51,0.18
3203,3,1,3,2,0,1,0,8.303,8.44,0.14
970,4,2,3,3,0,1,0,7.12,7.03,0.09
1853,2,4,3,2,1,0,1,7.953,7.9,0.05
3283,3,1,2,2,1,1,1,9.183,9.04,0.14
3331,3,1,1,0,1,0,0,7.331,7.69,0.36
857,5,4,1,3,1,1,1,8.507,8.21,0.3
3519,5,1,2,1,1,0,0,9.169,9.26,0.09
1167,1,2,1,2,0,1,1,5.167,5.16,0.01
4968,4,2,1,1,0,1,0,9.818,9.97,0.15
1645,1,3,3,1,0,0,0,5.495,5.61,0.12
4685,5,1,3,0,0,0,1,10.085,10.17,0.08
4219,2,3,2,2,1,0,0,9.219,9.27,0.05
3245,5,1,2,3,1,0,0,9.395,9.37,0.03
1039,4,2,1,2,1,1,1,7.339,7.25,0.09
3279,5,2,3,1,0,1,0,9.429,9.33,0.1
4636,4,2,2,3,0,1,1,10.786,10.66,0.13
4275,4,1,2,2,0,0,0,8.875,9.08,0.21
3008,4,2,2,1,1,1,1,9.458,9.3,0.16
3279,4,1,2,1,0,1,0,8.229,8.37,0.14
1424,4,3,2,0,1,0,0,6.924,6.95,0.03
3456,2,1,2,0,1,0,0,7.356,7.63,0.27
2081,1,3,1,0,1,1,0,6.281,6.34,0.06
3824,3,1,3,1,1,0,1,9.274,9.31,0.04
4985,1,3,3,2,1,1,1,10.885,10.73,0.15
755,4,2,2,0,1,1,1,6.955,7.0,0.04
2338,2,3,3,2,0,0,1,7.338,7.32,0.02
2444,5,2,3,0,1,1,1,9.544,9.4,0.14
509,2,2,3,3,1,0,1,6.259,6.25,0.01
3371,4,3,2,3,0,0,1,9.221,9.19,0.03
1297,2,1,2,0,1,1,0,5.797,5.87,0.07
1515,2,1,3,1,0,1,0,5.865,5.84,0.03
2324,4,4,3,0,0,1,0,8.324,8.32,0.0
4969,2,1,2,0,0,0,0,8.069,8.35,0.28
3636,3,4,1,1,1,1,1,9.786,9.65,0.14
2693,3,1,3,3,1,0,1,8.643,8.51,0.13
723,2,1,1,2,0,0,1,4.323,4.42,0.1
4658,5,2,3,0,1,1,0,11.358,11.26,0.1
4425,4,4,1,1,1,0,1,10.475,10.41,0.06
4500,3,1,1,0,0,1,0,8.3,8.54,0.24
2133,5,4,1,1,0,1,1,8.483,8.4,0.08
2652,2,2,2,2,1,1,1,8.352,8.18,0.17
1010,5,2,1,2,0,1,1,7.01,6.94,0.07
884,1,4,1,3,0,1,1,5.734,5.62,0.11
904,3,2,1,1,0,1,0,5.254,5.23,0.02
2500,2,3,3,1,1,1,0,8.25,8.06,0.19
3256,4,3,1,3,1,0,1,9.506,9.46,0.05
2168,2,2,3,3,1,1,0,8.118,7.92,0.2
1960,4,3,1,1,0,0,1,6.91,7.03,0.12
4136,2,1,1,3,1,0,1,8.786,8.88,0.09
3224,5,4,2,2,0,0,1,9.624,9.52,0.1
4678,5,1,3,0,1,1,1,11.478,11.31,0.17
2548,5,4,1,2,1,0,0,8.948,9.04,0.09
4646,1,2,3,3,0,0,1,9.096,9.03,0.07
1216,4,1,3,1,1,1,1,7.766,7.56,0.21
2323,5,2,2,1,0,1,0,8.073,8.02,0.05
2581,1,2,2,2,1,0,1,7.181,7.21,0.03
3919,4,4,2,1,1,1,0,10.569,10.41,0.16
2074,2,4,2,3,0,1,1,7.824,7.65,0.17
749,1,4,2,2,0,1,1,5.749,5.59,0.16
1173,3,1,2,1,0,1,1,6.023,5.88,0.14
2665,1,3,2,0,1,0,1,7.065,7.08,0.01
1270,1,4,2,0,1,1,1,6.57,6.42,0.15
4462,4,4,1,3,1,1,1,11.612,11.36,0.25
4863,2,1,3,1,0,1,0,9.213,8.96,0.25
2484,3,4,2,3,0,0,1,8.134,8.18,0.05
1577,5,1,2,2,0,0,0,6.677,6.97,0.29
735,5,2,3,0,1,1,0,7.435,7.46,0.03
888,1,4,1,2,1,1,1,6.288,6.2,0.09
3537,4,4,3,1,0,0,0,9.187,9.16,0.03
2348,4,2,3,3,1,1,1,9.698,9.35,0.35
3314,5,2,2,3,0,1,0,9.564,9.49,0.07
3874,3,2,3,3,1,0,1,10.124,10.1,0.02
3778,2,4,3,2,1,1,0,10.078,9.88,0.2
1752,3,3,2,0,0,1,0,6.552,6.57,0.02
4481,2,3,2,2,1,0,1,9.881,9.78,0.1
2622,5,3,2,2,1,0,0,9.122,9.09,0.03
2650,2,4,2,1,0,1,1,7.9,7.81,0.09
1829,4,2,3,1,0,0,1,7.279,7.32,0.04
1858,1,4,3,1,1,1,1,7.808,7.58,0.23
2982,1,2,1,0,0,1,1,6.482,6.49,0.01
2517,5,4,1,0,1,1,1,9.417,9.45,0.03
1831,4,4,3,1,0,0,0,7.481,7.6,0.12
4844,3,2,1,1,1,0,0,9.394,9.52,0.13
4761,4,3,3,0,1,1,0,11.261,11.21,0.05
1858,1,2,1,3,0,1,1,6.108,6.15,0.04
3677,1,1,2,0,1,0,0,7.077,7.15,0.07
2628,4,1,1,0,1,0,0,7.128,7.36,0.23
2680,4,2,2,0,0,0,0,7.08,7.25,0.17
637,1,4,2,1,0,1,0,4.987,5.15,0.16
3972,3,1,2,3,1,0,0,9.122,9.26,0.14
3332,5,1,2,0,0,0,1,8.332,8.43,0.1
4079,5,4,1,1,0,1,1,10.429,10.27,0.16
3531,4,4,3,2,1,1,0,10.831,10.73,0.1
4664,5,3,2,2,1,1,1,12.164,11.95,0.21
3093,1,4,1,0,0,0,1,6.593,6.87,0.28
4800,1,2,2,2,0,1,0,8.8,8.85,0.05
4318,4,2,1,3,0,1,0,9.668,9.74,0.07
4638,4,3,1,2,1,1,1,11.238,11.22,0.02
4323,4,1,1,2,1,1,0,9.923,9.91,0.01
4542,3,1,3,3,1,0,1,10.492,10.56,0.07
2406,5,4,1,0,1,1,1,9.306,9.33,0.02
1260,4,2,1,0,1,0,0,6.06,6.12,0.06
3945,2,1,3,3,1,0,1,9.395,9.26,0.13
1399,2,3,3,3,1,0,1,7.449,7.22,0.23
4955,1,3,1,3,0,1,1,9.505,9.4,0.11
3447,5,2,3,2,0,0,0,9.247,9.27,0.02
2219,4,3,2,3,1,1,0,9.069,8.85,0.22
780,2,3,2,1,1,1,0,6.13,6.16,0.03
3766,5,2,3,2,1,1,0,10.966,10.83,0.14
2387,1,4,3,0,0,0,1,6.687,6.78,0.09
3766,3,4,1,0,1,1,0,9.266,9.33,0.06
1166,5,3,3,0,0,1,0,7.366,7.48,0.11
4688,5,4,1,2,0,1,0,10.888,10.82,0.07
1171,3,4,2,1,0,0,0,5.921,5.81,0.11
2469,5,3,3,3,0,0,1,9.219,9.01,0.21
4656,1,4,1,3,0,0,1,8.906,9.0,0.09
3622,1,3,1,0,1,1,1,8.222,8.21,0.01
4400,3,1,2,0,1,0,0,8.8,8.88,0.08
1023,4,2,3,2,0,1,0,6.923,6.92,0.0
2893,2,2,2,1,1,1,1,8.343,8.2,0.14
3617,4,4,1,3,0,0,0,8.967,9.1,0.13
3093,5,4,1,2,0,1,0,9.293,9.29,0.0
2468,2,4,3,3,1,0,1,8.818,8.64,0.18
2253,3,2,1,0,1,1,1,7.553,7.41,0.14
2796,3,1,3,3,1,0,0,8.346,8.41,0.06
2761,2,1,2,1,1,1,0,7.511,7.62,0.11
2786,1,2,3,1,1,1,0,7.736,7.68,0.06
4702,2,1,3,0,0,1,1,9.202,9.12,0.08
3378,5,2,1,1,1,1,1,9.928,9.75,0.18
4643,1,1,1,1,1,1,1,8.893,8.94,0.05
4144,3,3,3,2,1,0,1,10.444,10.46,0.02
4932,2,3,1,3,0,1,0,9.582,9.43,0.15
2555,4,2,1,0,1,0,1,7.755,7.74,0.01
1776,4,1,1,0,0,0,1,5.876,6.19,0.31
3266,5,4,3,0,1,0,0,9.966,9.96,0.01
802,4,1,1,0,1,1,0,5.902,6.15,0.25
1138,2,3,3,0,0,1,0,5.838,5.77,0.07
555,2,3,1,1,1,1,1,5.905,5.89,0.02
1025,4,1,2,2,1,0,0,6.425,6.5,0.08
4623,2,1,1,0,0,1,0,7.923,8.12,0.2
2625,5,4,1,2,1,1,1,10.025,9.9,0.12
3787,1,4,3,2,0,0,1,8.587,8.44,0.15
864,5,1,3,1,0,0,0,6.114,6.3,0.19
2146,5,1,1,0,0,0,1,6.746,7.08,0.33
1418,2,1,2,1,0,0,0,4.768,5.03,0.26
3297,1,1,1,0,0,0,0,5.497,5.94,0.44
2031,2,2,1,1,1,0,1,6.481,6.48,0.0
3845,3,1,2,2,1,1,0,9.345,9.37,0.02
2406,2,4,3,0,1,0,1,8.006,7.84,0.17
3586,2,3,1,3,0,1,1,8.636,8.61,0.03
2575,2,2,3,2,0,1,1,7.875,7.76,0.12
1213,1,1,3,3,0,1,0,5.563,5.6,0.04
1562,2,3,2,2,0,0,1,6.162,6.05,0.11
2476,1,2,2,1,1,1,1,7.426,7.42,0.01
1796,4,3,3,0,1,0,0,7.696,7.77,0.07
625,3,1,1,2,0,0,0,4.325,4.46,0.13
4096,1,1,3,1,0,1,0,7.946,7.96,0.01
3783,4,4,1,0,1,0,0,9.183,9.3,0.12
2103,1,1,1,0,0,1,1,5.303,5.56,0.26
566,1,1,2,2,0,1,1,4.666,4.88,0.21
732,3,2,1,0,0,0,1,4.632,4.65,0.02
2656,5,4,1,2,1,1,0,9.656,9.71,0.05
1669,5,2,3,0,1,1,0,8.369,8.37,0.0
2658,1,3,2,3,0,1,1,7.608,7.48,0.13
4706,2,1,1,1,1,0,0,8.456,8.59,0.13
1993,4,3,1,3,0,1,0,7.643,7.69,0.05
4507,2,2,2,2,0,0,1,8.807,8.93,0.12
2972,2,1,3,3,1,0,1,8.422,8.37,0.05
3160,1,1,2,2,0,1,0,6.86,7.02,0.16
3239,1,2,2,0,0,1,0,6.739,6.94,0.2
2261,1,2,1,0,1,0,0,5.561,5.85,0.29
4014,1,2,1,2,0,0,1,7.414,7.56,0.15
2475,5,2,3,3,0,1,1,9.525,9.2,0.33
2862,1,2,1,0,0,1,1,6.362,6.38,0.02
1376,5,1,1,1,1,0,1,7.026,6.98,0.05
4312,5,2,2,0,0,0,1,9.612,9.63,0.02
3948,1,1,1,1,1,0,0,7.198,7.32,0.12
1812,3,1,3,3,0,0,0,6.562,6.8,0.24
1960,4,2,2,1,0,0,0,6.61,6.88,0.27
3209,2,2,3,1,0,1,1,8.259,8.13,0.13
2824,5,4,2,1,0,0,1,8.974,8.73,0.24
2233,4,1,1,1,1,0,1,7.383,7.46,0.08
2105,3,2,2,0,1,1,0,7.405,7.29,0.12
3063,2,2,2,1,0,1,1,7.713,7.76,0.05
3921,2,2,1,0,0,0,1,7.321,7.46,0.14
4017,5,4,1,1,0,0,0,9.367,9.45,0.08
2897,1,4,3,2,0,1,1,8.297,8.06,0.24
4235,3,3,3,3,0,0,0,9.585,9.48,0.11
3370,5,1,1,1,0,0,1,8.22,8.39,0.17
1660,3,3,1,2,0,1,1,6.96,6.93,0.03
742,1,2,1,1,0,0,0,3.492,3.82,0.33
3090,1,4,2,1,1,1,0,8.24,8.21,0.03
1563,5,4,2,1,1,1,0,8.713,8.56,0.15
4824,1,3,2,2,1,1,0,9.924,10.0,0.08
3095,4,4,1,3,0,1,0,9.045,9.04,0.01
1419,2,2,3,2,0,0,0,5.719,5.68,0.04
505,5,4,1,3,0,1,1,7.355,7.39,0.03
967,3,3,2,1,1,0,1,6.617,6.49,0.13
4670,4,2,2,0,0,0,0,9.07,9.25,0.18
503,5,3,1,1,1,0,1,6.753,6.89,0.14
1145,1,4,1,3,0,0,0,4.995,5.15,0.16
617,1,3,2,2,1,0,1,5.517,5.62,0.1
3428,1,3,2,1,1,1,0,8.278,8.21,0.07
3051,1,1,2,2,1,1,1,7.951,7.95,0.0
4789,3,4,1,2,0,1,1,10.389,10.39,0.0
1346,4,4,2,2,1,1,1,8.646,8.28,0.37
3262,2,3,2,1,0,0,1,7.612,7.71,0.1
1641,3,1,3,2,0,1,1,7.141,7.0,0.14
2310,3,4,1,2,0,0,0,6.91,6.97,0.06
1223,2,2,3,1,0,0,0,5.273,5.27,0.0
724,2,3,3,2,0,1,0,5.924,5.84,0.08
4708,1,4,2,1,1,1,1,10.258,10.2,0.06
2548,3,2,1,3,0,1,0,7.398,7.38,0.02
4915,5,4,2,3,0,1,1,12.165,11.78,0.38
2073,2,2,1,3,0,0,1,6.223,6.4,0.18
2328,2,3,3,2,0,0,1,7.328,7.32,0.01
2417,4,4,1,0,0,1,0,7.617,7.71,0.09
4734,5,4,2,0,1,0,1,11.434,11.38,0.05
2526,5,1,2,2,1,0,0,8.426,8.58,0.15
4244,2,3,2,0,0,0,0,7.944,7.98,0.04
1401,1,2,1,1,1,1,1,5.951,6.01,0.06
2539,4,4,3,0,1,0,1,9.139,8.9,0.24
509,5,4,3,2,0,1,0,7.509,7.56,0.05
760,2,2,1,2,1,1,0,5.66,5.7,0.04
2173,5,3,2,1,0,0,0,7.623,7.72,0.1
2719,4,1,3,3,1,0,0,8.769,8.72,0.05
2560,4,1,2,2,1,1,0,8.56,8.56,0.0
4213,3,4,1,1,1,0,0,9.363,9.46,0.1
2119,2,2,2,0,0,0,1,5.919,6.13,0.21
820,4,4,3,0,1,1,0,7.62,7.55,0.07
1842,3,2,3,1,1,1,0,7.792,7.61,0.18
2876,3,1,2,1,0,1,0,7.326,7.41,0.08
3332,5,3,1,2,0,1,0,9.232,9.26,0.03
3324,5,2,2,0,1,0,1,9.424,9.42,0.0
2494,3,1,1,1,0,0,1,6.344,6.51,0.17
3458,5,4,2,0,1,1,0,10.358,10.18,0.18
2538,4,2,3,1,1,1,0,8.988,8.93,0.06
3990,1,3,1,0,0,1,0,7.39,7.57,0.18
4177,4,4,1,3,0,0,1,9.927,9.85,0.08
1618,3,4,1,2,0,1,1,7.218,7.07,0.15
2104,3,1,3,0,1,0,1,7.304,7.29,0.01
4527,4,2,2,3,0,1,1,10.677,10.58,0.1
735,5,4,3,0,1,1,1,8.435,8.15,0.29
2469,5,3,1,0,0,1,1,8.269,8.29,0.02
4929,3,2,2,3,1,0,0,10.379,10.33,0.05
2408,2,3,3,0,0,0,1,6.908,7.02,0.11
875,5,4,1,0,1,0,1,7.175,7.29,0.12
4030,4,3,1,2,0,1,0,9.43,9.45,0.02
3135,5,1,3,3,1,0,1,10.085,9.99,0.1
2070,4,3,3,3,0,0,0,7.92,7.95,0.03
3060,3,2,3,1,0,1,1,8.61,8.53,0.08
3891,5,3,1,0,1,1,0,10.091,9.98,0.11
3465,4,3,3,2,0,0,0,9.065,9.11,0.04
4143,3,1,1,0,1,0,0,8.143,8.46,0.32
4350,2,3,3,0,1,0,0,9.25,9.27,0.02
1372,4,3,1,1,0,0,0,5.922,6.15,0.23
1752,2,4,1,0,1,1,1,7.152,7.08,0.07
1814,2,4,2,2,0,1,1,7.314,7.22,0.09
3398,1,2,3,2,0,1,0,7.798,7.73,0.07
577,5,4,3,1,1,0,0,7.527,7.57,0.04
3121,4,4,1,0,0,0,0,7.721,8.01,0.29
4727,2,4,1,2,1,1,1,10.627,10.47,0.16
1100,1,4,1,0,1,1,0,5.6,5.79,0.19
1565,3,1,2,0,0,0,0,5.165,5.38,0.21
2636,4,4,2,0,0,0,0,7.636,7.72,0.08
2949,2,1,1,1,1,1,0,7.299,7.38,0.08
2843,5,1,3,0,1,1,1,9.643,9.58,0.06
2363,1,4,3,2,0,1,0,7.363,7.33,0.03
1818,2,3,2,0,0,0,0,5.518,5.78,0.26
4097,5,1,2,2,0,0,1,9.597,9.53,0.07
4262,2,3,1,0,0,0,0,7.562,7.77,0.21
2690,4,3,3,2,1,0,0,9.09,8.93,0.16
1492,4,4,1,2,0,0,1,6.992,7.02,0.03
3212,4,2,2,0,1,0,1,8.812,8.95,0.14
2692,1,4,3,0,1,1,1,8.392,8.14,0.25
1748,4,2,3,2,0,1,0,7.648,7.65,0.0
3554,5,2,2,3,1,0,0,10.004,9.96,0.04
4533,2,4,1,1,0,1,1,9.383,9.21,0.17
2497,3,4,1,3,1,0,1,8.547,8.35,0.2
4187,5,2,3,3,0,1,1,11.237,10.88,0.36
2651,5,4,2,0,1,0,0,8.951,9.04,0.09
4518,4,2,3,1,1,1,0,10.968,10.84,0.13
3610,1,3,2,3,0,1,1,8.56,8.42,0.14
2470,2,4,1,0,0,0,0,6.07,6.34,0.27
697,1,3,2,3,1,0,1,5.847,5.82,0.03
3126,2,1,1,3,1,1,0,7.976,8.13,0.15
1702,2,3,2,0,0,1,0,6.002,6.14,0.14
2535,1,3,3,0,1,0,0,6.935,7.07,0.14
977,5,2,1,0,0,1,0,6.077,6.25,0.17
1754,2,3,3,1,1,0,1,7.304,7.23,0.07
1422,1,4,3,3,0,0,0,6.072,6.07,0.0
919,2,2,1,0,1,1,0,5.319,5.4,0.08
2704,3,1,1,2,0,0,1,6.804,6.91,0.11
3097,5,4,3,3,0,1,0,10.347,10.01,0.34
1620,4,1,3,2,1,1,1,8.42,8.26,0.16
3568,2,3,3,1,0,0,1,8.318,8.21,0.11
1450,3,4,3,0,1,1,0,7.75,7.64,0.11
2836,4,4,1,2,0,0,0,7.936,7.95,0.01
2743,4,1,1,1,0,0,1,7.093,7.18,0.09
3145,2,4,3,0,0,0,1,7.945,7.96,0.01
2357,1,4,2,2,1,1,1,8.157,7.88,0.28
2365,2,4,2,2,0,0,0,6.865,7.0,0.13
3412,3,3,1,1,1,1,1,9.262,9.24,0.02
3353,4,1,3,0,0,0,1,8.253,8.44,0.19
3728,2,4,3,0,1,0,1,9.328,9.16,0.17
4219,1,2,1,2,1,0,0,8.019,8.2,0.18
3728,2,2,2,2,1,1,1,9.428,9.37,0.06
2871,5,2,2,2,0,1,0,8.871,8.71,0.16
3391,1,2,2,0,1,0,0,7.091,7.24,0.15
4256,3,3,1,1,0,0,1,8.706,8.91,0.2
4725,4,4,2,1,1,1,0,11.375,11.21,0.16
594,2,1,1,0,1,1,1,5.094,5.19,0.1
3174,1,4,1,3,1,1,0,8.424,8.4,0.02
2455,5,3,3,1,1,0,0,9.105,9.09,0.02
1293,1,2,2,2,0,1,1,5.693,5.57,0.12
2334,5,3,1,3,1,0,1,9.084,9.07,0.01
2616,3,4,2,3,1,1,1,9.666,9.27,0.4
4606,4,1,2,1,0,0,0,8.956,9.09,0.13
3825,3,3,3,3,1,0,0,9.975,10.01,0.04
3419,2,1,2,3,1,0,1,8.469,8.54,0.07
3097,1,3,3,1,1,1,1,8.747,8.53,0.22
3705,5,1,1,1,1,1,0,9.555,9.52,0.04
1314,5,1,2,3,0,1,0,7.264,7.23,0.03
845,1,2,1,2,0,0,0,3.845,4.19,0.35
2849,1,1,2,0,1,0,1,6.649,6.82,0.17
862,2,2,1,3,0,1,0,5.212,5.26,0.05
2943,3,4,2,3,0,0,1,8.593,8.48,0.11
2765,5,4,2,2,1,0,0,9.565,9.39,0.17
2688,2,2,2,3,0,0,0,6.838,7.05,0.21
3505,3,2,2,3,1,1,1,9.955,9.85,0.11
3781,2,3,2,0,0,0,1,7.881,7.86,0.02
1484,5,3,2,0,0,1,1,7.684,7.69,0.01
2139,1,3,2,0,0,1,0,5.939,5.93,0.01
1327,1,4,2,1,1,1,0,6.477,6.53,0.05
3230,3,3,2,1,0,1,0,8.28,8.35,0.07
4031,4,1,1,0,1,1,1,9.531,9.49,0.04
4951,3,1,3,0,1,0,0,9.751,9.85,0.1
3435,4,3,2,1,0,1,1,9.385,9.27,0.12
4376,2,1,3,2,1,1,1,10.176,9.93,0.25
626,2,4,2,3,0,1,1,6.376,6.17,0.21
3677,5,1,2,3,1,0,0,9.827,9.71,0.12
3556,4,4,1,0,1,0,0,8.956,9.1,0.14
1103,5,2,1,2,0,0,1,6.503,6.6,0.1
3949,1,2,3,1,0,0,0,7.499,7.57,0.07
4646,4,2,1,0,0,1,1,9.646,9.85,0.2
4033,3,2,1,2,0,1,1,9.033,9.01,0.02
3867,1,1,3,2,1,0,0,8.167,8.17,0.0
3868,1,3,1,2,1,0,1,8.368,8.31,0.06
4297,3,1,2,1,1,0,1,9.347,9.37,0.02
2292,1,4,3,1,0,0,0,6.442,6.6,0.16
3361,4,1,3,3,1,1,1,10.411,10.18,0.23
3976,5,1,2,3,0,0,1,9.726,9.66,0.07
3917,1,4,1,2,1,0,1,8.717,8.58,0.14
2145,4,2,3,2,0,0,1,7.845,7.83,0.01
1705,2,2,3,1,1,0,1,6.955,6.98,0.03
3530,4,2,2,3,1,0,1,9.88,9.88,0.0
3372,5,3,2,2,0,0,1,9.472,9.43,0.04
3572,4,4,1,3,1,0,0,9.722,9.72,0.0
2354,3,4,3,3,0,1,0,8.604,8.39,0.21
4521,5,1,1,2,1,1,1,11.021,10.94,0.08
3208,2,3,1,1,1,1,1,8.558,8.57,0.01
4002,3,2,2,2,0,1,0,9.002,8.91,0.09
1832,4,3,3,2,0,1,0,8.032,7.99,0.04
701,5,4,3,3,1,1,0,8.751,8.48,0.27
4007,2,4,3,2,1,0,0,9.707,9.6,0.11
4712,3,1,2,1,1,0,0,9.362,9.39,0.03
1074,2,1,2,2,1,1,1,6.474,6.33,0.14
1036,4,4,2,1,1,0,0,7.086,7.17,0.08
2125,2,2,2,1,1,1,0,7.175,7.08,0.09
2622,1,2,2,3,0,0,0,6.272,6.53,0.26
885,3,3,3,0,0,0,1,5.885,5.82,0.06
3781,2,4,1,0,0,0,1,7.781,7.82,0.04
974,4,4,3,3,1,0,1,8.324,8.1,0.22
917,4,2,1,2,1,0,1,6.617,6.65,0.03
4100,2,2,2,3,1,0,1,9.45,9.39,0.06
1454,4,4,1,1,0,1,1,7.304,7.16,0.14
1705,5,1,3,0,0,1,0,7.305,7.42,0.12
4620,5,4,3,3,1,0,1,12.47,12.32,0.15
2490,5,4,1,2,1,1,1,9.89,9.76,0.13
4072,1,2,2,3,0,0,0,7.722,7.86,0.14
4880,2,2,2,0,0,1,1,9.28,9.22,0.06
4658,1,1,3,3,0,0,0,8.408,8.5,0.09
3213,4,1,1,3,1,1,0,9.063,9.12,0.06
2703,1,3,2,0,1,0,1,7.103,7.1,0.0
3620,4,4,2,1,1,1,0,10.27,10.17,0.1
1466,4,2,3,1,0,0,0,6.516,6.68,0.16
3932,3,1,2,0,0,1,0,8.132,8.31,0.18
1188,5,3,1,3,1,0,0,7.538,7.5,0.04
4743,4,3,3,0,1,0,1,11.043,11.06,0.02
4201,3,2,3,1,0,0,0,8.751,8.79,0.04
841,5,2,1,2,1,1,1,7.641,7.5,0.14
2224,4,3,3,3,0,1,0,8.674,8.53,0.14
4922,4,1,2,1,0,1,0,9.872,9.9,0.03
2292,1,3,2,3,1,0,0,7.042,6.96,0.08
2259,1,4,1,0,0,1,1,6.359,6.39,0.03
3712,5,4,2,2,1,0,1,10.912,10.76,0.15
1489,4,2,1,0,0,1,1,6.489,6.53,0.04
2762,2,1,1,2,0,1,0,6.562,6.72,0.16
2982,1,1,2,3,1,1,0,7.732,7.73,0.0
1451,5,4,1,3,0,1,0,7.901,7.78,0.12
1222,4,3,2,0,1,0,0,6.722,6.75,0.03
3889,4,2,3,2,1,1,1,10.989,10.9,0.09
2579,2,3,3,2,0,1,0,7.779,7.76,0.02
3217,5,3,1,3,1,0,1,9.967,9.77,0.2
2832,4,3,2,0,1,0,0,8.332,8.33,0.0
3876,1,1,2,2,1,1,1,8.776,8.54,0.24
2000,2,4,3,3,1,1,1,8.95,8.6,0.35
785,5,1,3,1,1,0,0,6.835,6.84,0.0
3995,2,4,2,0,1,0,0,8.795,8.84,0.04
2565,1,2,1,1,0,0,1,5.715,5.95,0.24
1268,5,2,3,0,1,1,0,7.968,7.85,0.12
3557,2,3,1,3,0,1,0,8.207,8.26,0.05
4789,3,4,1,2,0,1,1,10.389,10.39,0.0
2661,1,4,3,2,1,0,1,8.261,8.05,0.21
3793,1,4,1,2,0,0,1,7.793,7.91,0.12
1446,1,3,1,0,0,0,1,4.646,4.84,0.19
3835,3,3,2,3,1,1,0,10.185,10.14,0.04
4650,3,2,1,1,1,0,1,9.6,9.69,0.09
1981,4,1,2,3,1,1,1,8.631,8.53,0.1
2401,2,4,3,1,0,0,1,7.451,7.43,0.02
3951,4,4,3,0,0,1,0,9.951,9.75,0.2
4564,2,1,2,0,1,1,1,9.464,9.4,0.06
554,3,4,3,1,1,0,0,6.504,6.58,0.08
2323,3,3,1,1,0,1,1,7.373,7.21,0.16
3962,4,3,1,1,0,0,1,8.912,9.08,0.17
3579,5,4,1,3,0,1,0,10.029,9.83,0.2
1332,4,3,3,1,0,0,1,7.082,7.03,0.05
4908,2,3,1,0,1,0,1,9.408,9.49,0.08
3306,4,4,3,0,0,1,0,9.306,9.15,0.16
2990,1,2,1,2,0,0,1,6.39,6.43,0.04
827,2,1,2,1,0,1,1,5.177,5.25,0.07
3810,2,3,3,3,0,0,1,9.06,8.85,0.21
3800,5,2,3,3,1,0,1,11.05,10.93,0.12
4175,3,3,1,3,1,0,0,9.525,9.67,0.14
3554,2,3,3,2,0,0,1,8.554,8.44,0.11
2643,3,1,3,0,0,1,0,7.243,7.36,0.12
1811,4,3,2,3,1,0,1,8.461,8.31,0.15
3691,1,1,2,0,1,0,0,7.091,7.16,0.07
3038,5,1,1,2,0,1,1,8.738,8.75,0.01
4483,3,1,2,1,0,1,0,8.933,8.93,0.0
664,2,2,1,1,1,1,1,5.714,5.68,0.03
4777,3,4,1,1,1,1,0,10.527,10.48,0.05
1322,2,2,1,3,1,1,0,6.472,6.48,0.01
1443,3,4,3,1,1,1,1,8.393,8.05,0.34
4925,2,4,2,3,1,0,0,10.475,10.26,0.21
1274,4,1,1,2,1,1,1,7.274,7.2,0.07
2698,2,3,2,2,0,0,1,7.298,7.31,0.01
3656,2,1,1,3,1,1,1,8.906,8.87,0.04
4742,1,3,2,0,1,0,1,9.142,9.24,0.1
4195,2,4,2,1,1,0,1,9.645,9.53,0.12
3952,1,1,1,1,1,0,0,7.202,7.32,0.12
1414,5,3,3,1,0,1,1,8.264,8.13,0.13
1808,1,2,2,3,0,1,1,6.458,6.38,0.08
4677,4,3,3,2,1,1,1,12.077,11.93,0.15
1013,1,1,3,1,0,1,1,5.263,5.3,0.04
2420,5,2,1,2,0,0,1,7.82,7.89,0.07
4094,4,3,1,1,0,1,1,9.644,9.6,0.04
1909,3,3,1,1,0,0,0,5.959,6.16,0.2
3690,3,3,2,3,0,0,0,8.64,8.77,0.13
4991,1,3,1,0,0,1,1,8.791,8.91,0.12
2055,1,3,1,3,1,1,0,7.005,6.83,0.17
1304,5,2,2,1,1,1,1,8.254,8.09,0.16
1779,5,4,2,1,1,0,1,8.729,8.79,0.06
4077,2,2,1,0,1,1,1,8.877,8.84,0.04
3401,5,2,1,2,1,0,1,9.601,9.61,0.01
1887,2,2,1,2,0,1,1,6.387,6.49,0.1
3261,4,4,1,1,1,0,0,8.911,9.01,0.1
3179,1,1,3,2,1,1,0,8.079,8.05,0.03
2606,4,4,3,1,0,1,0,8.856,8.68,0.18
4723,5,2,1,0,0,0,0,9.223,9.47,0.25
3268,4,3,3,0,1,1,1,10.168,10.03,0.14
